{
  "firewall": {
    "allowed_ports": [80, 443, 22],
    "decoy_port": 8081,
    "check_interval": 5,
    "auto_block": true
  },
  "analyzer": {
    "ml_confidence_threshold": 0.7,
    "suspicious_threshold": 0.6,
    "max_packets_per_batch": 10,
    "analysis_interval": 2
  },
  "monitoring": {
    "log_suspicious": true,
    "alert_on_ddos": true,
    "block_duration": 3600,
    "enable_sniffing": true
  },
  "decoy": {
    "response_delay": 2,
    "fake_credentials": true,
    "log_interaction": true
  }
}